{
    "err": {
        "test": {
            "rmse": {
                "isolated_atom": {
                    "V": 0.0,
                    "E": 158.54496821,
                    "F": 0.0
                },
                "dia": {
                    "V": 5.0525244277963735,
                    "E": 0.15397165967289625,
                    "F": 0.34629626025225135
                },
                "liq": {
                    "V": 11.817642402569815,
                    "E": 0.06694851466423893,
                    "F": 4.2323598698508516
                },
                "set": {
                    "V": 5.147665107878395,
                    "E": 21.779880595701552,
                    "F": 3.4051311936657114
                },
                "bt": {
                    "V": 4.2914160554398,
                    "E": 0.4069861778092812,
                    "F": 2.6698048635199596
                }
            },
            "mae": {
                "isolated_atom": {
                    "V": 0.0,
                    "E": 158.54496821,
                    "F": 0.0
                },
                "dia": {
                    "V": 3.548743791473083,
                    "E": 0.1031503005524803,
                    "F": 0.2782643658678691
                },
                "liq": {
                    "V": 8.521847145135728,
                    "E": 0.06594079877555714,
                    "F": 3.446956208795907
                },
                "set": {
                    "V": 3.3984115570825373,
                    "E": 3.1872996998436562,
                    "F": 2.39987096099397
                },
                "bt": {
                    "V": 2.8382044756477374,
                    "E": 0.30685107081402635,
                    "F": 1.8889367409669922
                }
            }
        },
        "train": {
            "rmse": {
                "isolated_atom": {
                    "V": 0.0,
                    "E": 158.54496821,
                    "F": 0.0
                },
                "dia": {
                    "V": 5.0525244277963735,
                    "E": 0.15397165967289625,
                    "F": 0.34629626025225135
                },
                "liq": {
                    "V": 11.817642402569815,
                    "E": 0.06694851466423893,
                    "F": 4.2323598698508516
                },
                "set": {
                    "V": 5.147665107878395,
                    "E": 21.779880595701552,
                    "F": 3.4051311936657114
                },
                "bt": {
                    "V": 4.2914160554398,
                    "E": 0.4069861778092812,
                    "F": 2.6698048635199596
                }
            },
            "mae": {
                "isolated_atom": {
                    "V": 0.0,
                    "E": 158.54496821,
                    "F": 0.0
                },
                "dia": {
                    "V": 3.548743791473083,
                    "E": 0.1031503005524803,
                    "F": 0.2782643658678691
                },
                "liq": {
                    "V": 8.521847145135728,
                    "E": 0.06594079877555714,
                    "F": 3.446956208795907
                },
                "set": {
                    "V": 3.3984115570825373,
                    "E": 3.1872996998436562,
                    "F": 2.39987096099397
                },
                "bt": {
                    "V": 2.8382044756477374,
                    "E": 0.30685107081402635,
                    "F": 1.8889367409669922
                }
            }
        }
    },
    "args_dict": {
        "model": {
            "pair_basis": "legendre",
            "elements": [
                "Si"
            ],
            "pair_rin": 0.0,
            "pure": false,
            "pair_transform": [
                "agnesi",
                1,
                3
            ],
            "totaldegree": 10,
            "delete2b": false,
            "wL": 1.5,
            "pair_degree": 10,
            "rbasis": "legendre",
            "pure2b": false,
            "pair_rcut": 6.7,
            "rcut": 6.7,
            "variable_cutoffs": false,
            "rin": 0.0,
            "order": 3,
            "r0": 2.5,
            "model_name": "ACE1",
            "transform": [
                "agnesi",
                2,
                4
            ]
        },
        "solve": {
            "weights": {
                "FLD_TiAl": {
                    "V": 1.0,
                    "E": 30.0,
                    "F": 1.0
                },
                "TiAl_T5000": {
                    "V": 1.0,
                    "E": 5.0,
                    "F": 1.0
                }
            },
            "prior": {
                "name": "algebraic",
                "param": 4
            },
            "solver": {
                "name": "BLR",
                "param": {
                    "factorization": "svd",
                    "committee_size": 20
                }
            }
        },
        "data": {
            "in_data": {
                "train_file": "/home/vekondra/AcePot/Si_tiny.xyz",
                "force_key": "force",
                "test_file": "/home/vekondra/AcePot/Si_tiny.xyz",
                "energy_key": "energy",
                "virial_key": "virial"
            },
            "out_data": {
                "results": "res.json",
                "model_fname": "ACE.json"
            }
        }
    },
    "model_parameters": {
        "Wpair": [
            [
                -6.3635254364774685,
                -0.19424203550968056,
                0.006913862595784294,
                0.00048783230122450557,
                -9.161420173347958e-5,
                4.403750490184164e-5,
                -1.7003667048465447e-5,
                -7.98377973018146e-6,
                5.598320675791516e-6,
                1.0567679709832395e-7
            ]
        ],
        "pairbasis": {},