{
    "err": {
        "test": {
            "rmse": {
                "isolated_atom": {
                    "V": 0.0,
                    "E": 0.0,
                    "F": 0.0
                },
                "dia": {
                    "V": 0.07902153277987436,
                    "E": 0.0,
                    "F": 0.12728016495618216
                },
                "liq": {
                    "V": 0.04047992006239943,
                    "E": 0.0,
                    "F": 0.277177001330216
                },
                "set": {
                    "V": 0.13533928825838032,
                    "E": 0.0,
                    "F": 0.22167265809838643
                },
                "bt": {
                    "V": 0.17811033426258935,
                    "E": 0.0,
                    "F": 0.11035381051149508
                }
            },
            "mae": {
                "isolated_atom": {
                    "V": 0.0,
                    "E": 0.0,
                    "F": 0.0
                },
                "dia": {
                    "V": 0.057856920423665484,
                    "E": 0.0,
                    "F": 0.09072757755508935
                },
                "liq": {
                    "V": 0.035520302718441664,
                    "E": 0.0,
                    "F": 0.22346828339451028
                },
                "set": {
                    "V": 0.0954873627804134,
                    "E": 0.0,
                    "F": 0.16366830298181156
                },
                "bt": {
                    "V": 0.13791516994211908,
                    "E": 0.0,
                    "F": 0.08679444461166132
                }
            }
        },
        "train": {
            "rmse": {
                "isolated_atom": {
                    "V": 0.0,
                    "E": 0.0,
                    "F": 0.0
                },
                "dia": {
                    "V": 0.07902153277987436,
                    "E": 0.0,
                    "F": 0.12728016495618216
                },
                "liq": {
                    "V": 0.04047992006239943,
                    "E": 0.0,
                    "F": 0.277177001330216
                },
                "set": {
                    "V": 0.13533928825838032,
                    "E": 0.0,
                    "F": 0.22167265809838643
                },
                "bt": {
                    "V": 0.17811033426258935,
                    "E": 0.0,
                    "F": 0.11035381051149508
                }
            },
            "mae": {
                "isolated_atom": {
                    "V": 0.0,
                    "E": 0.0,
                    "F": 0.0
                },
                "dia": {
                    "V": 0.057856920423665484,
                    "E": 0.0,
                    "F": 0.09072757755508935
                },
                "liq": {
                    "V": 0.035520302718441664,
                    "E": 0.0,
                    "F": 0.22346828339451028
                },
                "set": {
                    "V": 0.0954873627804134,
                    "E": 0.0,
                    "F": 0.16366830298181156
                },
                "bt": {
                    "V": 0.13791516994211908,
                    "E": 0.0,
                    "F": 0.08679444461166132
                }
            }
        }
    },
    "args_dict": {
        "output": {
            "model": "ACE.json"
        },
        "model": {
            "pair_basis": "legendre",
            "elements": [
                "Si"
            ],
            "pair_rin": 0.0,
            "pure": false,
            "pair_transform": [
                "agnesi",
                1,
                3
            ],
            "totaldegree": 10,
            "delete2b": false,
            "wL": 1.5,
            "pair_degree": 10,
            "rbasis": "legendre",
            "pure2b": false,
            "pair_rcut": 6.7,
            "rcut": 6.7,
            "variable_cutoffs": false,
            "rin": 0.0,
            "order": 3,
            "r0": 2.5,
            "model_name": "ACE1",
            "transform": [
                "agnesi",
                2,
                4
            ]
        },
        "solve": {
            "weights": {
                "FLD_TiAl": {
                    "V": 1.0,
                    "E": 30.0,
                    "F": 1.0
                },
                "TiAl_T5000": {
                    "V": 1.0,
                    "E": 5.0,
                    "F": 1.0
                }
            },
            "prior": {
                "name": "algebraic",
                "param": 4
            },
            "solver": {
                "name": "BLR",
                "param": {
                    "factorization": "svd",
                    "committee_size": 20
                }
            }
        },
        "data": {
            "train_file": "/home/vekondra/AcePot/Si_tiny.xyz",
            "force_key": "dft_force",
            "test_file": "/home/vekondra/AcePot/Si_tiny.xyz",
            "energy_key": ":dft_energy",
            "virial_key": "dft_virial"
        }
    },
    "model_parameters": {
        "Wpair": [
            [
                1.7597267286404508,
                -0.30276988744589994,
                0.030341291623828006,
                -0.004262857167693481,
                0.00042853764703537357,
                0.0002701991162278824,
                -0.00015681852270671401,
                6.419618584867226e-5,
                1.3697252462640626e-5,
                -2.900850839172471e-5
            ]
        ],
        "pairbasis": {},